metric,baseline,enhanced,difference,percent_change
citation_precision,0.7973809523809524,0.79,-0.007380952380952377,-0.925649447596297
groundedness_score,3.5,3.6,0.10000000000000009,2.85714285714286
answer_relevance,3.6,3.75,0.1499999999999999,4.166666666666664
total_citations,4.35,3.8,-0.5499999999999998,-12.643678160919535
