metric,baseline,enhanced,difference,percent_change
citation_precision,0.7763690476190476,0.7849999999999999,0.00863095238095235,1.1117074292724027
groundedness_score,3.4,3.575,0.17500000000000027,5.14705882352942
answer_relevance,3.575,3.725,0.1499999999999999,4.195804195804193
total_citations,4.3,3.95,-0.34999999999999964,-8.139534883720923
